;precision;recall;f1-score;support
Actinic keratoses;0.9605769230769231;0.9940298507462687;0.9770171149144254;1005.0
Basal cell carcinoma;0.9778672032193159;0.9662027833001988;0.972;1006.0
Benign keratosis-like lesions;0.927710843373494;0.9184890656063618;0.9230769230769231;1006.0
Dermatofibroma;0.998015873015873;1.0;0.9990069513406157;1006.0
Melanocytic nevi;0.9645714285714285;0.8389662027833003;0.8973950026581605;1006.0
Melanoma;0.863063063063063;0.952286282306163;0.9054820415879017;1006.0
Vascular lesions;0.9882121807465619;1.0;0.9940711462450593;1006.0
accuracy;0.9528476068740236;0.9528476068740236;0.9528476068740236;0.9528476068740236
macro avg;0.9542882164380941;0.9528534549631847;0.9525784542604407;7041.0
weighted avg;0.9542873232827698;0.9528476068740236;0.9525749833528064;7041.0
