epoch,loss,accuracy,val_loss,val_accuracy,lr
0,1.047508716583252,0.6497407555580139,0.5186936855316162,0.8073863387107849,0.001
1,0.6243070960044861,0.7701433300971985,0.3908851742744446,0.8553977012634277,0.001
2,0.5149247646331787,0.809454083442688,0.3408631384372711,0.8805397748947144,0.001
3,0.4556116759777069,0.8294602036476135,0.3138740062713623,0.8853693008422852,0.001
4,0.414490282535553,0.8474534749984741,0.28831246495246887,0.8921874761581421,0.001
5,0.378105103969574,0.8610551953315735,0.24285781383514404,0.9166193008422852,0.001
6,0.3564043939113617,0.8687099814414978,0.24492663145065308,0.9086647629737854,0.001
7,0.3461180031299591,0.874290943145752,0.21280284225940704,0.9244318008422852,0.001
8,0.3224208950996399,0.881793200969696,0.2183227688074112,0.918181836605072,0.001
9,0.29770925641059875,0.892497718334198,0.18396086990833282,0.9390624761581421,0.001
10,0.28913795948028564,0.8947240114212036,0.17970964312553406,0.9389204382896423,0.001
11,0.2844800353050232,0.8990851044654846,0.17027080059051514,0.9419034123420715,0.001
12,0.2678047716617584,0.9041780829429626,0.1660469025373459,0.9428977370262146,0.001
13,0.26341670751571655,0.9052454829216003,0.15445201098918915,0.9471591114997864,0.001
14,0.24863344430923462,0.9103690385818481,0.14568834006786346,0.9515625238418579,0.001
