,precision,recall,f1-score,support
Actinic keratoses,0.0,0.0,0.0,49.0
Basal cell carcinoma,0.0,0.0,0.0,77.0
Benign keratosis-like lesions,0.0,0.0,0.0,165.0
Dermatofibroma,0.0,0.0,0.0,17.0
Melanocytic nevi,0.669328010645376,1.0,0.8019131127939418,1006.0
Melanoma,0.0,0.0,0.0,167.0
Vascular lesions,0.0,0.0,0.0,22.0
accuracy,0.669328010645376,0.669328010645376,0.669328010645376,0.669328010645376
macro avg,0.09561828723505371,0.14285714285714285,0.11455901611342026,1503.0
weighted avg,0.44799998583449646,0.669328010645376,0.5367429084968101,1503.0
